property_type,price
House,250
Apartment,65
Apartment,65
House,75
House,79
Condominium,75
Apartment,100
House,75
Condominium,58
Apartment,229
House,60
House,57
Condominium,93
Apartment,150
House,145
Apartment,60
House,165
Condominium,75
House,49
House,49
Villa,40
House,120
Apartment,70
House,150
House,175
House,95
Apartment,90
House,95
Apartment,100
House,67
Condominium,55
Apartment,200
Apartment,150
House,49
House,75
House,110
Apartment,115
House,125
House,200
House,75
House,78
Apartment,50
Apartment,60
House,45
House,145
House,45
House,85
House,75
House,50
House,45
House,60
Apartment,95
Apartment,89
Apartment,110
Condominium,65
House,285
Apartment,140
Apartment,70
House,95
Bed & Breakfast,55
Apartment,80
House,120
Apartment,65
Apartment,100
Apartment,65
House,60
Apartment,63
Townhouse,75
House,65
Apartment,110
House,46
Apartment,75
Apartment,62
Condominium,69
Apartment,69
House,73
Apartment,85
Apartment,120
House,125
Apartment,70
Condominium,100
Condominium,61
House,125
Apartment,100
Apartment,27
Apartment,80
House,85
House,75
House,57
Apartment,100
Apartment,40
House,100
House,70
Apartment,190
Apartment,149
Apartment,168
House,205
House,65
Apartment,75
Condominium,117
Apartment,429
Apartment,95
Apartment,69
House,85
Apartment,69
House,165
Apartment,150
Condominium,267
Apartment,87
Townhouse,62
Apartment,110
Apartment,250
Apartment,150
House,300
Apartment,119
Apartment,175
House,195
Condominium,145
Apartment,200
House,90
Apartment,210
Apartment,75
Apartment,46
Condominium,75
Apartment,500
Apartment,60
Apartment,130
Apartment,190
Apartment,100
House,450
Apartment,399
Apartment,350
Apartment,200
Apartment,99
House,295
Apartment,107
Apartment,69
Apartment,76
Apartment,75
House,55
Apartment,65
Condominium,59
House,88
House,164
House,90
Apartment,185
Apartment,80
House,105
House,90
Apartment,100
Apartment,100
Apartment,200
Apartment,300
House,60
Apartment,319
Apartment,85
Condominium,70
Apartment,50
Apartment,119
Condominium,125
Apartment,53
Apartment,125
House,199
Apartment,205
Condominium,114
Apartment,75
Apartment,185
Apartment,75
Apartment,180
Apartment,70
Bed & Breakfast,150
Apartment,120
Apartment,92
Apartment,84
Apartment,200
Apartment,115
Apartment,49
Townhouse,95
House,275
Apartment,230
Apartment,130
Apartment,192
Apartment,175
Apartment,70
Townhouse,65
Apartment,100
Apartment,185
House,250
Apartment,110
House,150
Apartment,168
Apartment,60
Apartment,59
House,60
Apartment,145
Apartment,80
Apartment,114
House,170
Apartment,240
Apartment,150
Apartment,69
Apartment,80
Apartment,85
Apartment,75
Apartment,150
House,70
House,80
Apartment,225
Apartment,225
House,178
Apartment,175
Apartment,109
Condominium,383
Condominium,90
Apartment,99
Apartment,50
Apartment,300
House,184
Apartment,80
House,85
Apartment,150
Apartment,100
Apartment,100
Townhouse,84
Apartment,130
Apartment,76
Apartment,100
House,70
Condominium,125
Apartment,70
Bed & Breakfast,75
House,170
House,95
Bed & Breakfast,70
Apartment,299
House,70
Entire Floor,155
Apartment,250
Apartment,115
House,70
House,135
Condominium,120
Loft,130
Apartment,29
Apartment,68
Apartment,300
House,50
Condominium,119
Apartment,46
Condominium,295
Apartment,130
Condominium,180
Apartment,300
Apartment,200
Apartment,136
Apartment,100
House,88
House,95
House,135
House,135
Bed & Breakfast,75
House,189
House,75
Apartment,55
Apartment,125
Condominium,88
Apartment,72
Apartment,22
House,90
Apartment,150
Apartment,82
House,84
Apartment,160
Apartment,110
Apartment,150
Condominium,80
Apartment,225
Apartment,65
House,275
House,300
House,185
Apartment,175
Apartment,175
Apartment,75
Apartment,60
Apartment,100
Townhouse,75
Townhouse,94
Townhouse,85
Apartment,83
Apartment,75
Apartment,168
Apartment,60
Apartment,135
Bed & Breakfast,119
Condominium,275
House,130
House,750
Apartment,160
Condominium,65
House,77
House,71
Townhouse,200
Apartment,55
Apartment,95
Apartment,220
House,54
Apartment,72
Apartment,70
House,135
House,300
Apartment,110
House,70
House,75
Apartment,70
Condominium,88
House,480
House,550
Apartment,180
House,325
Apartment,65
Apartment,290
House,159
House,200
House,95
Condominium,65
Apartment,99
House,93
House,500
Apartment,295
House,450
House,150
Apartment,95
Condominium,150
Apartment,399
House,71
Apartment,500
Bed & Breakfast,70
Apartment,125
Bed & Breakfast,85
Apartment,61
House,250
House,56
Apartment,200
Apartment,220
Bed & Breakfast,80
Bed & Breakfast,60
House,125
House,500
Apartment,149
Apartment,65
Apartment,99
Apartment,67
House,180
Apartment,170
House,115
House,235
House,89
House,110
Apartment,84
Apartment,125
Apartment,130
Apartment,65
Townhouse,86
Apartment,75
Apartment,255
House,145
House,199
Apartment,91
House,81
Apartment,60
House,99
Condominium,88
House,225
Apartment,50
Condominium,225
Townhouse,48
Apartment,37
House,85
Apartment,525
Apartment,100
House,75
Apartment,25
Apartment,50
House,49
House,125
Condominium,180
Apartment,60
Apartment,85
Apartment,85
House,64
Apartment,725
Condominium,75
Apartment,119
Apartment,110
House,179
Apartment,175
Apartment,125
Loft,220
Apartment,299
Apartment,249
Apartment,115
Apartment,239
Apartment,75
Loft,30
Apartment,45
Condominium,160
Apartment,62
Apartment,872
Apartment,55
Apartment,79
Apartment,60
Apartment,79
House,75
Apartment,75
House,30
Apartment,105
Apartment,27
House,85
House,110
Apartment,199
Apartment,45
Apartment,269
Apartment,69
Apartment,75
House,45
House,70
House,70
Apartment,169
Apartment,99
Apartment,90
Condominium,80
Apartment,275
Apartment,71
Apartment,125
Apartment,140
Apartment,52
Apartment,70
Apartment,208
Apartment,399
Apartment,100
Apartment,59
Apartment,169
Apartment,169
Apartment,75
Condominium,100
Apartment,115
Apartment,65
Apartment,349
Apartment,75
House,35
Apartment,100
Apartment,199
Apartment,75
Apartment,160
Apartment,349
Apartment,65
Apartment,41
Apartment,80
Apartment,49
Apartment,35
Townhouse,72
Apartment,90
Apartment,100
Condominium,90
Apartment,89
Apartment,65
Apartment,170
Apartment,169
Apartment,150
House,50
Apartment,20
Apartment,56
Loft,140
Apartment,88
House,50
House,74
Apartment,42
Apartment,199
Apartment,40
Apartment,169
Apartment,319
Condominium,80
House,50
Apartment,103
House,100
Loft,160
Apartment,42
Apartment,169
House,89
Apartment,199
Apartment,150
Loft,200
Apartment,99
Apartment,99
Apartment,272
House,85
House,70
Apartment,100
Apartment,109
Apartment,80
House,79
Apartment,28
Apartment,55
Apartment,110
Apartment,40
Loft,90
Apartment,80
House,74
Apartment,100
Apartment,130
Apartment,215
Apartment,349
Apartment,246
Apartment,150
Apartment,45
Apartment,100
Apartment,130
Apartment,60
Apartment,175
Apartment,246
Condominium,84
Apartment,149
Apartment,75
Apartment,84
Condominium,100
Apartment,165
Guesthouse,289
Condominium,170
Apartment,247
House,500
Condominium,139
Apartment,165
Townhouse,500
Apartment,350
House,500
Apartment,188
Apartment,400
Apartment,180
Apartment,375
Bed & Breakfast,99
Apartment,170
Apartment,125
Apartment,129
Apartment,90
House,299
Apartment,225
House,500
House,500
Bed & Breakfast,99
Apartment,245
Condominium,390
Apartment,159
Condominium,295
Condominium,179
Apartment,399
Apartment,219
Apartment,289
Apartment,219
Apartment,295
Loft,259
Apartment,185
Loft,269
Apartment,109
Apartment,295
Apartment,389
Apartment,215
Apartment,375
Apartment,270
Apartment,285
Apartment,296
Apartment,80
Apartment,219
Loft,120
Apartment,209
Apartment,399
Apartment,159
Apartment,125
Apartment,80
Apartment,299
Apartment,100
Apartment,229
Condominium,383
Apartment,149
Apartment,250
Apartment,349
Apartment,199
Apartment,169
Apartment,300
Apartment,169
Apartment,349
Apartment,319
Apartment,100
Apartment,179
Apartment,289
Apartment,209
Apartment,199
Apartment,319
Apartment,135
Apartment,169
Apartment,95
Apartment,319
Apartment,169
Apartment,287
Apartment,219
Apartment,219
Apartment,199
Apartment,95
Apartment,219
Apartment,242
Apartment,389
Apartment,169
Apartment,199
Apartment,361
Apartment,225
Apartment,255
Apartment,119
Apartment,219
Loft,299
Apartment,119
Apartment,199
Apartment,319
Apartment,93
Apartment,199
Apartment,299
Apartment,349
Condominium,275
Apartment,299
Boat,375
Apartment,140
Apartment,35
Apartment,159
Apartment,84
Apartment,100
Apartment,125
Condominium,150
Apartment,79
Apartment,320
Apartment,180
Apartment,150
Apartment,125
Apartment,145
Apartment,125
House,171
Apartment,285
Apartment,400
Apartment,400
Apartment,210
Apartment,350
Apartment,182
Apartment,200
Apartment,260
Apartment,200
Apartment,150
Apartment,120
Apartment,102
Apartment,210
Apartment,159
House,120
Boat,425
Apartment,150
Apartment,149
Apartment,115
Apartment,150
Apartment,399
Apartment,220
House,110
Apartment,125
Apartment,310
Apartment,160
Apartment,559
Apartment,175
Apartment,159
Boat,190
Apartment,165
Apartment,195
Apartment,195
Apartment,300
Apartment,135
Apartment,125
Apartment,125
Boat,212
Apartment,200
Condominium,425
Condominium,180
Apartment,165
Apartment,120
Apartment,250
Apartment,129
Apartment,80
Apartment,160
Apartment,145
Apartment,131
Condominium,150
Boat,250
Apartment,200
Apartment,200
Apartment,125
Loft,250
Apartment,250
Apartment,109
Apartment,180
Apartment,245
Apartment,249
Apartment,135
Apartment,300
Apartment,103
Apartment,120
Apartment,250
House,69
Apartment,125
Apartment,225
Loft,240
Apartment,180
Apartment,200
Apartment,60
Apartment,200
Apartment,315
Apartment,380
Apartment,220
Apartment,180
Apartment,140
Apartment,180
Apartment,200
House,239
Condominium,425
Apartment,199
Apartment,600
Apartment,175
Apartment,175
Apartment,250
Condominium,225
Apartment,325
Apartment,175
Apartment,179
Apartment,99
Apartment,165
Apartment,290
Apartment,130
Apartment,179
Apartment,95
Apartment,152
Apartment,200
Apartment,130
Townhouse,175
Apartment,139
Apartment,255
Apartment,345
Apartment,50
Apartment,119
Apartment,135
Apartment,200
Apartment,275
Apartment,139
Apartment,199
Apartment,99
Apartment,135
Apartment,72
Apartment,45
Apartment,200
Condominium,175
Apartment,175
Apartment,200
Apartment,195
Apartment,235
Apartment,195
Loft,150
Apartment,235
Apartment,185
Apartment,35
Condominium,139
Apartment,145
House,79
Apartment,209
House,99
House,90
House,79
House,22
Apartment,41
House,100
House,145
Apartment,132
Bed & Breakfast,65
Apartment,167
Condominium,75
Apartment,80
Apartment,265
Apartment,150
House,59
House,165
Entire Floor,100
Apartment,195
Apartment,275
Apartment,1400
Apartment,225
Apartment,109
Apartment,85
Apartment,75
House,75
House,65
Apartment,167
Apartment,159
Apartment,190
Apartment,95
Apartment,65
House,99
Apartment,148
Apartment,135
Condominium,100
Apartment,65
Condominium,140
Apartment,536
House,99
Apartment,135
House,89
Apartment,100
Apartment,75
Apartment,90
Apartment,94
Apartment,125
Bed & Breakfast,60
House,99
Apartment,100
Apartment,92
Apartment,100
House,60
Apartment,170
Apartment,33
Apartment,75
Apartment,52
House,78
Apartment,350
Apartment,236
Apartment,330
Apartment,300
House,60
House,150
Townhouse,83
Bed & Breakfast,65
Apartment,55
House,120
Apartment,120
House,450
Apartment,90
House,350
Apartment,45
Apartment,179
Apartment,130
House,60
House,110
House,75
House,120
Apartment,60
Apartment,55
House,49
Apartment,195
Apartment,114
Apartment,75
House,150
Apartment,209
Apartment,39
Apartment,95
House,450
House,64
Apartment,269
Apartment,250
Apartment,120
Apartment,229
Apartment,175
House,70
Apartment,169
House,150
House,75
Apartment,229
House,450
House,99
House,99
House,250
Apartment,92
Loft,99
Apartment,125
Apartment,85
Apartment,35
Townhouse,90
Apartment,450
Apartment,35
Apartment,100
Apartment,52
Apartment,163
Apartment,650
Apartment,65
Apartment,83
Apartment,40
Apartment,50
Apartment,625
Apartment,200
Apartment,90
Apartment,65
Apartment,300
Apartment,50
House,100
Apartment,75
Apartment,35
Apartment,63
Apartment,63
Apartment,167
Apartment,150
Apartment,150
Apartment,225
Apartment,50
Apartment,53
Apartment,81
Apartment,79
Apartment,195
Apartment,295
Apartment,120
Apartment,200
Apartment,250
Apartment,176
Apartment,150
Apartment,229
Apartment,279
Apartment,279
Apartment,290
Apartment,275
Apartment,185
Apartment,399
Apartment,255
Apartment,75
Apartment,250
Apartment,100
Apartment,215
House,125
Apartment,110
Condominium,125
Apartment,80
Apartment,373
Apartment,525
Condominium,299
Condominium,269
Apartment,189
Apartment,215
Condominium,279
Condominium,289
Apartment,229
Apartment,154
Apartment,236
Apartment,175
Apartment,60
Condominium,229
Apartment,234
Apartment,329
Apartment,209
Apartment,195
Apartment,169
Townhouse,145
Apartment,219
Apartment,150
Apartment,215
Apartment,155
Apartment,138
Townhouse,170
Apartment,170
Apartment,195
Apartment,125
Condominium,250
Apartment,100
Apartment,137
Apartment,137
Condominium,199
Apartment,239
Apartment,185
Apartment,175
Apartment,200
Apartment,175
Condominium,125
Apartment,150
Apartment,150
Dorm,75
Apartment,200
Apartment,275
Apartment,120
Apartment,600
Apartment,125
Apartment,265
Apartment,160
Apartment,155
Apartment,137
Apartment,99
House,98
Apartment,150
Apartment,125
Apartment,235
Apartment,149
Apartment,100
Apartment,164
Apartment,185
Apartment,250
Apartment,100
Apartment,275
Apartment,225
Apartment,250
Loft,50
Condominium,115
Apartment,150
Apartment,170
Apartment,125
Apartment,250
Apartment,229
Apartment,90
Apartment,200
Apartment,100
Apartment,306
Apartment,229
Condominium,199
Loft,67
Apartment,120
Apartment,239
Apartment,130
Apartment,197
Apartment,85
Apartment,225
House,1300
Apartment,266
Apartment,160
Apartment,150
Apartment,280
Apartment,60
Apartment,225
Apartment,170
Bed & Breakfast,168
Apartment,183
Apartment,137
Apartment,300
Apartment,166
Apartment,350
Apartment,149
Apartment,190
Apartment,180
Apartment,99
Apartment,110
Apartment,210
Apartment,155
Apartment,178
Condominium,600
Apartment,550
Townhouse,170
Apartment,129
Townhouse,160
Apartment,250
Apartment,149
Apartment,175
Apartment,150
Apartment,250
Loft,100
Apartment,200
Apartment,120
Apartment,150
Apartment,152
Apartment,200
Apartment,170
Apartment,157
Apartment,229
Bed & Breakfast,299
Apartment,165
Apartment,210
Condominium,110
Apartment,400
Townhouse,575
Apartment,147
Apartment,200
Apartment,115
Condominium,110
Other,500
Apartment,250
Apartment,149
Apartment,200
Apartment,417
Condominium,600
Apartment,175
Loft,69
Apartment,150
Apartment,180
Apartment,150
Apartment,137
Apartment,800
Apartment,199
Condominium,133
Condominium,299
Apartment,135
Condominium,275
Apartment,99
Bed & Breakfast,350
Apartment,170
Apartment,450
Apartment,186
Apartment,300
Apartment,200
Apartment,189
Townhouse,150
Condominium,179
Apartment,250
Condominium,229
Apartment,250
Apartment,89
Apartment,80
Apartment,119
Apartment,140
Apartment,84
House,700
Condominium,250
Apartment,200
Apartment,99
Apartment,150
Apartment,119
Apartment,300
Apartment,170
Apartment,269
Apartment,170
Apartment,100
Bed & Breakfast,135
Apartment,159
Condominium,250
Apartment,225
Apartment,75
Apartment,144
Apartment,170
House,120
Apartment,139
Apartment,147
Apartment,217
Apartment,95
Apartment,225
Apartment,200
Apartment,189
Apartment,150
Apartment,279
House,135
Apartment,200
Apartment,240
Apartment,77
Apartment,160
Apartment,195
Apartment,175
Apartment,150
Apartment,228
Apartment,145
Apartment,89
Apartment,238
Apartment,161
Apartment,149
Condominium,300
Apartment,177
Apartment,185
Apartment,240
Apartment,225
Condominium,125
Apartment,175
Apartment,150
Apartment,122
Apartment,125
Bed & Breakfast,325
Townhouse,170
Condominium,160
Apartment,199
Apartment,160
Apartment,200
Apartment,200
Apartment,150
Condominium,350
Apartment,139
Apartment,80
Apartment,215
House,130
Condominium,183
Apartment,188
Apartment,215
Apartment,75
Apartment,45
Apartment,125
Apartment,290
Apartment,215
Apartment,255
Apartment,300
Apartment,169
Apartment,140
Apartment,250
Apartment,155
Apartment,200
Apartment,119
Apartment,189
Apartment,250
Apartment,254
Apartment,225
Apartment,137
Apartment,146
Apartment,199
Apartment,190
Apartment,249
Apartment,150
Apartment,106
Apartment,200
Apartment,99
Apartment,139
Apartment,175
Condominium,200
Apartment,450
Apartment,165
Apartment,250
House,350
Townhouse,295
Apartment,199
Bed & Breakfast,299
Apartment,130
Apartment,160
Apartment,250
House,220
Apartment,150
Condominium,280
Apartment,150
Apartment,250
Apartment,185
Apartment,140
Apartment,150
Apartment,165
Apartment,275
Apartment,150
Apartment,225
Apartment,235
Condominium,189
Apartment,215
Apartment,90
Apartment,250
Apartment,195
Apartment,650
Apartment,189
Apartment,225
Other,500
Apartment,149
Apartment,379
Apartment,136
Apartment,359
Apartment,299
Apartment,110
Apartment,170
Apartment,130
Apartment,259
Apartment,100
Condominium,99
Condominium,175
Apartment,289
Apartment,209
Apartment,80
Apartment,449
Apartment,251
Apartment,185
Apartment,251
Apartment,349
Apartment,389
Apartment,349
Apartment,342
Apartment,232
Apartment,1250
Apartment,249
Apartment,135
Apartment,280
Apartment,155
Apartment,200
Apartment,150
Apartment,239
Apartment,160
Apartment,174
Apartment,199
Apartment,425
Apartment,220
Apartment,160
Apartment,199
Apartment,150
Apartment,150
Apartment,150
Apartment,695
Apartment,189
Apartment,148
Apartment,400
Apartment,160
Apartment,300
Apartment,200
Apartment,275
Loft,166
Apartment,160
Apartment,160
Apartment,130
Apartment,100
Apartment,225
Apartment,363
Apartment,105
Apartment,185
Apartment,175
Apartment,175
Apartment,80
Apartment,219
Apartment,219
Apartment,110
Condominium,289
Apartment,350
Apartment,199
Apartment,232
Apartment,180
Condominium,189
Apartment,165
Apartment,165
Apartment,375
Apartment,298
Apartment,319
Apartment,245
Apartment,363
Apartment,259
Apartment,276
Apartment,359
Apartment,259
Condominium,165
,199
Apartment,479
Apartment,135
Apartment,319
Apartment,107
Condominium,150
Apartment,300
Apartment,285
Apartment,195
Apartment,385
Apartment,110
Apartment,105
Apartment,120
Apartment,163
Apartment,275
Apartment,298
Apartment,225
Apartment,450
Apartment,319
Apartment,175
Apartment,299
Apartment,165
Apartment,250
Apartment,99
Apartment,209
Condominium,250
Apartment,330
Apartment,150
Apartment,139
Apartment,200
Apartment,249
Apartment,300
Apartment,105
Apartment,363
Apartment,464
Apartment,97
Condominium,250
Apartment,150
Apartment,151
Apartment,399
Apartment,210
Apartment,207
Apartment,315
Apartment,105
Apartment,190
Apartment,209
Apartment,145
Apartment,200
Apartment,450
Condominium,170
Apartment,329
Apartment,297
Apartment,349
Condominium,200
Apartment,451
Apartment,179
Apartment,150
Apartment,139
Apartment,174
Apartment,196
Apartment,150
Apartment,189
House,120
Apartment,250
Apartment,200
Apartment,229
Apartment,175
Apartment,200
Apartment,249
Apartment,97
Apartment,250
Apartment,102
Apartment,200
Apartment,200
Apartment,170
Apartment,205
Apartment,220
Apartment,225
Apartment,975
Apartment,295
Apartment,245
Apartment,600
Apartment,150
Apartment,232
Apartment,298
Apartment,329
Other,40
Condominium,235
Apartment,194
Apartment,299
Apartment,50
Apartment,300
Apartment,229
Apartment,175
Apartment,230
Apartment,130
Apartment,319
Apartment,319
Apartment,209
Loft,160
Apartment,257
Apartment,199
Condominium,159
Condominium,185
Apartment,229
Apartment,169
Apartment,175
Apartment,375
Apartment,350
Apartment,325
Apartment,185
Apartment,179
Apartment,259
Apartment,299
Apartment,139
Apartment,363
Apartment,218
Apartment,239
Apartment,139
Apartment,80
Apartment,299
Apartment,225
Apartment,115
Loft,100
Apartment,200
Condominium,109
Townhouse,150
Condominium,350
Apartment,319
Apartment,225
Apartment,281
Apartment,249
Apartment,170
Apartment,119
Apartment,185
Apartment,450
Apartment,285
Apartment,199
Apartment,120
Loft,175
Apartment,329
House,550
Apartment,319
Apartment,250
Apartment,119
Apartment,325
Apartment,150
Apartment,425
Townhouse,199
Apartment,310
Apartment,389
Apartment,145
Apartment,200
Apartment,568
Apartment,119
Apartment,363
Apartment,400
Apartment,150
Apartment,160
Apartment,160
Apartment,250
Apartment,169
Condominium,89
Apartment,319
Apartment,189
Apartment,299
Apartment,183
Condominium,699
Apartment,100
Apartment,275
Apartment,159
Apartment,279
Apartment,200
Apartment,207
Other,218
Apartment,84
Apartment,259
Apartment,148
Apartment,130
Apartment,300
Apartment,250
Apartment,363
Apartment,267
Apartment,119
Apartment,140
Apartment,176
Apartment,200
Apartment,550
Apartment,150
Apartment,379
Apartment,300
Condominium,130
Apartment,256
Apartment,296
Apartment,363
Apartment,600
Apartment,225
Apartment,450
Apartment,160
Apartment,350
Apartment,298
Apartment,200
Apartment,286
Apartment,74
Apartment,356
Apartment,130
Apartment,250
Apartment,200
Apartment,129
Apartment,349
Apartment,500
Apartment,248
Apartment,97
Apartment,210
Apartment,249
Apartment,69
Condominium,130
Apartment,270
Condominium,450
Apartment,130
Apartment,207
Boat,200
Apartment,65
Apartment,225
Apartment,48
Apartment,65
Apartment,48
Apartment,119
House,75
Apartment,150
House,95
Townhouse,90
Condominium,210
House,95
Apartment,99
Apartment,50
Apartment,115
Apartment,70
House,95
House,99
House,77
Apartment,119
Apartment,56
Condominium,89
Apartment,129
Apartment,65
Apartment,65
Apartment,85
Apartment,215
Apartment,60
Condominium,128
Apartment,60
Apartment,250
Apartment,129
Condominium,72
Condominium,99
Condominium,35
House,68
House,95
Apartment,130
Apartment,150
Apartment,60
Apartment,250
Apartment,75
Apartment,70
Condominium,103
Apartment,85
Apartment,95
Boat,275
Apartment,80
Condominium,99
Apartment,60
Apartment,60
Apartment,105
Apartment,80
Apartment,140
Apartment,115
Apartment,145
Apartment,115
Apartment,50
Townhouse,65
Apartment,300
Apartment,83
House,64
Apartment,63
Apartment,189
Apartment,60
Apartment,99
Apartment,120
Apartment,150
Apartment,133
Apartment,250
Apartment,98
Apartment,77
Apartment,128
Apartment,130
Apartment,70
Apartment,300
Apartment,60
Apartment,300
Apartment,144
Apartment,60
House,70
House,95
Apartment,85
Condominium,359
Apartment,135
House,112
House,68
Apartment,99
Apartment,149
Apartment,150
Apartment,65
Apartment,250
Apartment,174
Apartment,30
Apartment,89
Apartment,95
Apartment,150
Apartment,250
Apartment,85
Apartment,99
Apartment,150
Apartment,140
Apartment,99
Condominium,99
Apartment,199
Apartment,70
House,80
Apartment,145
Apartment,110
Boat,175
Apartment,40
House,89
Apartment,105
Townhouse,44
Apartment,320
House,75
Apartment,95
Apartment,181
Apartment,120
Apartment,70
Apartment,89
Apartment,115
Condominium,124
Condominium,99
Apartment,88
House,195
House,70
Apartment,110
Apartment,125
Boat,275
Apartment,65
Apartment,87
House,225
Apartment,60
Apartment,150
Apartment,99
Boat,275
House,85
Apartment,135
Apartment,100
House,72
Apartment,230
Apartment,200
Apartment,45
Apartment,90
House,72
Apartment,98
Apartment,79
Condominium,150
Apartment,143
Apartment,225
Townhouse,160
Bed & Breakfast,160
Condominium,125
Apartment,199
House,600
House,190
House,295
Apartment,250
Apartment,200
House,500
House,299
House,250
Apartment,125
Condominium,599
Condominium,175
Apartment,150
Apartment,200
Apartment,150
Condominium,234
Apartment,200
House,200
House,249
Apartment,320
Apartment,175
Apartment,199
Apartment,375
House,235
Apartment,175
House,100
House,125
Apartment,260
House,55
House,55
Condominium,219
Apartment,150
Condominium,350
Apartment,275
Apartment,300
Townhouse,195
House,325
Apartment,280
Condominium,150
House,250
Apartment,150
Apartment,180
House,50
Apartment,195
Apartment,99
Condominium,158
Apartment,92
Apartment,149
House,135
Apartment,55
Condominium,225
Condominium,180
Condominium,210
Apartment,200
Apartment,150
House,149
Apartment,150
Apartment,155
Apartment,249
Apartment,315
Apartment,150
House,680
Apartment,349
Apartment,200
Condominium,49
Apartment,250
Condominium,195
Apartment,1000
Apartment,225
Apartment,275
Apartment,150
Apartment,80
Apartment,330
Apartment,169
Condominium,165
Bed & Breakfast,175
Bed & Breakfast,210
Apartment,259
Apartment,39
Townhouse,160
Apartment,200
Apartment,125
Apartment,299
House,200
Apartment,249
Apartment,185
Apartment,349
Apartment,169
Apartment,310
Apartment,119
Apartment,81
Condominium,105
Apartment,146
Apartment,145
Apartment,349
Apartment,168
Apartment,224
Condominium,155
Apartment,299
Apartment,395
Apartment,169
Apartment,155
Apartment,249
Apartment,315
Apartment,199
Apartment,289
Apartment,220
Apartment,199
Apartment,95
Apartment,199
Apartment,169
Apartment,199
Apartment,169
Apartment,169
Apartment,169
Apartment,199
Apartment,199
Apartment,249
Apartment,199
Apartment,199
Apartment,450
Apartment,99
Apartment,249
Apartment,199
Apartment,135
Apartment,189
Apartment,60
Apartment,209
Apartment,280
Apartment,275
Apartment,269
Apartment,219
Apartment,110
Condominium,275
Apartment,200
Apartment,425
Apartment,150
Apartment,128
Apartment,177
Apartment,150
Apartment,220
Apartment,155
Apartment,399
Apartment,159
Apartment,99
Apartment,120
Bed & Breakfast,270
Apartment,150
Apartment,89
House,199
Apartment,120
Apartment,133
Apartment,275
Apartment,165
Apartment,300
Apartment,100
Apartment,85
Apartment,769
Apartment,155
Apartment,85
Apartment,255
Apartment,299
Apartment,143
Condominium,260
Apartment,267
Apartment,299
Apartment,155
Apartment,250
Apartment,169
Apartment,75
Apartment,137
Apartment,225
Apartment,220
Condominium,210
Apartment,147
Apartment,180
Apartment,209
Apartment,199
Apartment,103
Apartment,200
Apartment,113
Apartment,175
Apartment,175
Apartment,238
Apartment,250
Apartment,100
Apartment,200
Condominium,200
Apartment,184
Condominium,305
Apartment,130
Apartment,149
Apartment,200
Condominium,600
Apartment,200
Condominium,199
Apartment,250
Apartment,220
Apartment,275
Apartment,1235
Apartment,200
Apartment,135
Apartment,199
Apartment,140
Apartment,375
Bed & Breakfast,104
House,650
Apartment,395
Apartment,200
Apartment,89
Apartment,157
Apartment,185
Apartment,100
Apartment,200
Apartment,330
Apartment,229
Apartment,130
Apartment,200
Apartment,157
Apartment,150
Apartment,189
Apartment,250
House,375
Apartment,324
Apartment,220
Apartment,195
Apartment,150
Apartment,150
Apartment,147
Apartment,275
Condominium,130
Apartment,197
Apartment,150
Apartment,140
Apartment,150
Apartment,849
Apartment,200
Apartment,350
Apartment,195
Apartment,145
Apartment,125
Apartment,189
Apartment,199
Apartment,195
Apartment,155
Apartment,130
Apartment,289
Condominium,175
Apartment,99
Apartment,175
Apartment,107
Apartment,225
Apartment,325
Apartment,1345
Apartment,250
Apartment,175
Apartment,225
Apartment,196
Apartment,249
Apartment,220
Apartment,178
Apartment,99
Apartment,175
Condominium,300
Apartment,179
Apartment,200
Apartment,160
Apartment,195
Apartment,200
Townhouse,700
Apartment,200
Apartment,230
Apartment,499
Apartment,110
Apartment,350
Apartment,185
Apartment,150
Apartment,175
Apartment,179
Apartment,269
Apartment,285
House,690
Apartment,135
Apartment,150
Apartment,175
Apartment,600
Apartment,114
Apartment,500
Condominium,160
Apartment,250
Apartment,90
Apartment,129
Apartment,140
Apartment,210
Apartment,125
Apartment,188
Apartment,150
Apartment,375
Apartment,245
Apartment,150
Apartment,250
Apartment,130
Apartment,250
Apartment,120
Apartment,220
Apartment,300
Apartment,199
Apartment,155
Apartment,230
Apartment,159
Townhouse,202
Apartment,229
Apartment,129
Bed & Breakfast,79
Apartment,210
Apartment,129
Apartment,200
Apartment,229
Apartment,160
Apartment,135
Apartment,99
Apartment,115
Apartment,175
Apartment,229
Apartment,199
Apartment,200
Apartment,133
Apartment,120
Apartment,329
Apartment,349
Apartment,209
Apartment,200
Apartment,329
Apartment,375
Apartment,350
Apartment,70
Apartment,10
Apartment,250
Apartment,329
Apartment,119
Apartment,202
Apartment,158
Apartment,150
Loft,279
Loft,500
Apartment,269
Apartment,152
Apartment,295
Apartment,128
Apartment,220
Apartment,334
Apartment,290
Condominium,139
Apartment,220
Camper/RV,60
Apartment,239
Apartment,150
Apartment,290
Apartment,153
Apartment,250
Apartment,295
Apartment,204
Boat,345
Apartment,181
,190
Apartment,150
Villa,100
Apartment,80
Loft,139
Apartment,275
Apartment,135
Condominium,250
Other,250
Apartment,199
Apartment,300
Apartment,249
Apartment,167
Apartment,400
Villa,400
Apartment,285
Apartment,250
Condominium,175
Apartment,110
Apartment,179
Loft,400
Apartment,289
Apartment,103
Apartment,107
Other,400
Apartment,175
Apartment,265
Apartment,220
Apartment,199
Apartment,220
Apartment,160
Apartment,230
Apartment,209
Apartment,285
Apartment,265
Apartment,185
Apartment,225
Apartment,249
Apartment,169
Apartment,325
Apartment,250
Apartment,206
Apartment,189
Apartment,400
Apartment,299
Apartment,150
Apartment,209
Apartment,199
Apartment,154
Bed & Breakfast,70
Apartment,199
Apartment,425
Apartment,99
Apartment,169
Other,399
Apartment,400
Apartment,199
Apartment,199
Apartment,80
Apartment,150
Apartment,235
Apartment,175
Condominium,550
Apartment,250
Apartment,229
Apartment,275
Apartment,325
Apartment,135
Apartment,125
Condominium,175
Apartment,390
Apartment,160
Apartment,184
Apartment,240
Apartment,269
Loft,225
Apartment,310
Apartment,285
Apartment,299
Apartment,289
Apartment,190
Bed & Breakfast,115
Apartment,225
Apartment,200
Apartment,175
Apartment,249
Apartment,229
Apartment,425
Apartment,200
House,350
Apartment,299
Apartment,350
Apartment,249
House,375
Apartment,329
Apartment,119
Apartment,300
Apartment,119
Apartment,239
Apartment,219
Apartment,365
Apartment,375
Apartment,218
Apartment,329
Apartment,119
Apartment,95
Apartment,119
Apartment,199
Apartment,150
Apartment,119
Apartment,140
Apartment,300
Apartment,119
Apartment,300
Apartment,125
Apartment,119
Other,300
Apartment,150
Villa,287
Apartment,249
Apartment,155
Apartment,250
Apartment,325
Apartment,240
Villa,240
Apartment,375
Apartment,225
Apartment,389
Apartment,175
Apartment,365
Loft,449
Apartment,600
Apartment,249
Apartment,293
Apartment,45
Apartment,249
Apartment,349
Apartment,349
Apartment,309
Condominium,350
Apartment,349
Apartment,158
Apartment,80
Apartment,1372
Apartment,275
Apartment,319
Apartment,140
Apartment,200
Apartment,85
Apartment,375
Condominium,225
Apartment,100
Apartment,67
Apartment,175
Apartment,99
Apartment,99
Apartment,127
Apartment,225
Apartment,300
Apartment,199
Apartment,300
Apartment,300
Apartment,200
Apartment,150
Apartment,75
Apartment,228
Apartment,99
Apartment,99
Apartment,99
Apartment,298
Apartment,200
Apartment,299
Apartment,90
Apartment,155
Apartment,285
Apartment,279
Apartment,140
Apartment,60
Apartment,130
Apartment,189
Apartment,88
Apartment,60
Apartment,279
Apartment,219
Apartment,140
Apartment,140
Apartment,160
Apartment,75
Apartment,239
Apartment,74
Bed & Breakfast,125
Apartment,135
Apartment,125
Condominium,120
Apartment,100
Apartment,219
Apartment,100
Apartment,77
Apartment,55
Apartment,300
Apartment,85
Bed & Breakfast,175
Apartment,232
Apartment,77
Apartment,140
Apartment,60
Apartment,349
Condominium,213
Apartment,570
Apartment,319
Apartment,89
Apartment,97
Apartment,175
Apartment,100
Apartment,219
Apartment,429
Apartment,30
Apartment,80
Apartment,120
Apartment,279
Apartment,192
Apartment,219
Apartment,220
Apartment,69
Apartment,4000
Condominium,295
Apartment,85
Apartment,60
Apartment,279
Apartment,239
Apartment,199
Apartment,83
Apartment,189
Apartment,229
Apartment,85
Apartment,289
Apartment,110
Apartment,175
House,149
Apartment,200
Apartment,319
Apartment,319
Apartment,260
Apartment,50
Apartment,349
Apartment,319
Apartment,279
Apartment,80
Apartment,199
Apartment,77
Apartment,259
Apartment,326
Apartment,199
Apartment,169
Apartment,70
Apartment,98
Apartment,349
Apartment,90
Apartment,319
Apartment,70
Apartment,379
Apartment,315
Apartment,200
Apartment,145
Apartment,319
Apartment,199
Apartment,52
Apartment,169
Apartment,75
Apartment,193
Apartment,155
Apartment,150
Apartment,299
Apartment,199
Apartment,169
Apartment,103
Apartment,319
Apartment,120
Apartment,169
Apartment,72
Apartment,160
Apartment,199
Apartment,52
Apartment,100
Apartment,160
Apartment,200
Apartment,315
Apartment,250
Apartment,319
Apartment,180
Apartment,220
Apartment,199
Condominium,310
Apartment,238
Apartment,199
Apartment,279
Apartment,135
Apartment,169
Apartment,142
Apartment,199
Apartment,169
Apartment,225
Apartment,150
Apartment,199
Apartment,155
Apartment,110
Apartment,275
Apartment,229
Apartment,285
Apartment,400
Apartment,190
Apartment,79
Apartment,500
Apartment,169
Apartment,241
Apartment,100
Apartment,99
Apartment,90
Apartment,199
Apartment,100
Apartment,200
Condominium,395
Apartment,90
Apartment,319
Apartment,349
Apartment,65
Apartment,159
Apartment,289
Apartment,80
Apartment,319
Apartment,189
Apartment,150
Apartment,150
Apartment,750
Apartment,99
Apartment,169
Apartment,319
Apartment,349
Apartment,232
Apartment,190
Apartment,229
Apartment,169
Apartment,169
Apartment,159
Apartment,603
Apartment,80
Apartment,349
Apartment,120
Apartment,275
Apartment,155
Apartment,170
Apartment,232
Apartment,50
Apartment,319
Apartment,67
Apartment,219
Apartment,60
Apartment,169
Condominium,279
Apartment,210
Apartment,319
Apartment,123
Apartment,200
Apartment,180
Apartment,300
Apartment,249
Apartment,349
Apartment,279
Apartment,115
Apartment,87
Apartment,199
Apartment,603
Apartment,57
Apartment,219
Apartment,319
Apartment,169
Apartment,195
Apartment,160
Apartment,200
Apartment,115
Apartment,229
Apartment,319
Apartment,56
Apartment,200
Apartment,89
Apartment,295
Apartment,299
Apartment,1275
Apartment,319
Apartment,89
Apartment,249
Apartment,249
Bed & Breakfast,175
Apartment,95
Apartment,100
Apartment,245
Apartment,200
Apartment,63
Apartment,279
Apartment,209
Apartment,199
Apartment,96
Apartment,139
Apartment,50
House,190
Apartment,70
Apartment,319
Apartment,175
Apartment,89
Apartment,319
Apartment,150
Apartment,359
Apartment,309
Apartment,260
Apartment,319
Apartment,310
Apartment,155
Apartment,150
Apartment,115
Apartment,289
Apartment,279
Apartment,60
Apartment,79
Condominium,699
Apartment,999
Apartment,198
House,99
Apartment,75
Apartment,79
Apartment,85
Apartment,85
Apartment,75
Apartment,145
Apartment,50
Apartment,30
House,79
Apartment,100
Apartment,199
Bed & Breakfast,79
Apartment,55
Apartment,140
Apartment,165
Apartment,85
House,150
House,58
Apartment,90
Apartment,70
Apartment,58
Apartment,70
Apartment,200
Apartment,193
Apartment,50
House,58
Apartment,45
Apartment,115
Townhouse,85
Apartment,110
Apartment,135
House,125
Apartment,40
Apartment,112
House,72
Apartment,44
Apartment,53
House,150
Apartment,140
Apartment,110
Apartment,75
House,45
Apartment,75
House,89
House,42
Condominium,30
House,30
Apartment,103
Apartment,250
Apartment,79
Apartment,150
Apartment,125
Condominium,100
Apartment,55
Condominium,79
House,59
Apartment,95
Condominium,200
Apartment,125
Apartment,195
Apartment,81
Apartment,114
Apartment,79
Other,225
Apartment,45
House,129
House,190
Apartment,48
Apartment,130
House,400
Apartment,227
Apartment,184
Apartment,55
Apartment,110
House,89
Apartment,85
Apartment,40
House,30
Apartment,250
Apartment,70
Apartment,80
Apartment,65
House,79
House,450
Apartment,85
House,75
House,125
Apartment,89
Apartment,65
Apartment,49
Apartment,85
Apartment,165
Apartment,120
Apartment,90
House,75
Apartment,69
House,99
Apartment,68
House,79
House,40
Apartment,150
Apartment,70
Townhouse,59
Condominium,200
House,79
Apartment,175
Apartment,239
House,120
Apartment,33
Apartment,194
Apartment,250
Apartment,38
Apartment,85
Apartment,139
House,65
Apartment,99
Apartment,300
House,68
House,55
House,55
Condominium,150
Condominium,163
House,283
House,140
Apartment,29
Apartment,32
Dorm,50
Apartment,70
Apartment,500
House,60
Apartment,195
Apartment,110
Apartment,50
Apartment,148
Apartment,120
House,140
House,60
Apartment,39
Apartment,285
Apartment,52
House,115
House,79
Apartment,115
Apartment,103
Apartment,212
Apartment,130
Townhouse,250
Apartment,135
Apartment,211
House,70
Apartment,49
Apartment,75
Apartment,189
Apartment,287
Apartment,65
Apartment,74
Apartment,60
Apartment,100
Townhouse,99
House,65
Condominium,112
Loft,195
Apartment,108
Apartment,250
Apartment,147
Apartment,150
Townhouse,95
House,99
Apartment,200
Apartment,100
Apartment,85
Apartment,120
Apartment,60
House,90
Apartment,56
House,89
House,65
Apartment,110
Apartment,55
House,80
House,45
Apartment,119
Townhouse,75
House,160
House,155
Apartment,119
House,60
Apartment,100
House,223
House,65
House,100
House,79
House,55
Apartment,125
House,55
Apartment,120
Apartment,100
Apartment,137
House,65
Apartment,50
House,80
Apartment,245
Apartment,48
House,50
House,65
House,65
House,90
Apartment,80
House,100
Apartment,65
House,349
Apartment,165
House,95
House,60
House,45
House,60
Apartment,90
House,70
House,300
House,250
House,100
Apartment,125
House,75
House,100
House,60
House,58
House,105
House,55
Apartment,40
House,45
Apartment,47
Loft,85
House,269
House,55
House,88
House,65
House,31
Apartment,45
House,45
House,55
House,95
Condominium,51
House,50
Apartment,250
House,170
House,50
Bed & Breakfast,80
House,75
House,50
House,75
House,269
Apartment,55
Apartment,160
House,35
Apartment,70
Apartment,40
Bed & Breakfast,75
Bed & Breakfast,75
House,75
House,60
House,79
House,169
House,59
Apartment,44
Apartment,75
House,65
House,105
Apartment,100
Apartment,65
House,95
House,45
House,115
House,150
House,48
House,50
House,50
House,69
House,50
House,45
Apartment,100
Apartment,99
Apartment,55
Apartment,198
Apartment,55
House,69
House,45
House,45
Apartment,55
House,60
House,75
Apartment,31
House,125
Apartment,120
Townhouse,59
Townhouse,73
House,40
Apartment,120
House,50
Apartment,65
House,65
House,88
House,55
Apartment,60
Apartment,225
Apartment,250
House,65
House,65
House,70
Apartment,80
Apartment,35
House,81
Apartment,25
Apartment,40
Apartment,100
House,79
House,325
House,84
Apartment,39
Apartment,70
Apartment,74
Apartment,70
House,65
Apartment,100
House,70
House,60
Apartment,29
Apartment,90
Apartment,31
House,50
Apartment,45
Condominium,59
House,57
Apartment,70
House,55
Apartment,31
Apartment,65
Apartment,59
Apartment,70
Apartment,49
House,51
House,83
House,75
House,73
House,120
Apartment,85
Apartment,60
Apartment,105
Apartment,60
Condominium,115
Apartment,60
Apartment,115
Apartment,165
Apartment,264
Townhouse,59
Apartment,110
Apartment,90
House,140
Apartment,120
Apartment,65
Condominium,70
House,100
Apartment,34
House,65
House,60
House,55
Apartment,179
Apartment,200
Apartment,85
House,75
Apartment,119
Apartment,75
Apartment,109
Bed & Breakfast,100
House,45
House,76
Apartment,45
Apartment,49
House,60
Apartment,49
Apartment,69
Apartment,96
Apartment,45
Condominium,89
House,100
Townhouse,55
Apartment,85
House,150
Apartment,95
Apartment,200
Apartment,35
Apartment,68
Apartment,31
Apartment,80
Apartment,65
Apartment,135
Apartment,69
Apartment,50
House,76
House,79
Apartment,100
House,82
Condominium,80
Apartment,160
Apartment,60
House,95
Apartment,144
Apartment,45
Apartment,100
Apartment,135
Apartment,150
Apartment,44
House,65
Apartment,64
Apartment,75
Condominium,189
Apartment,75
Apartment,55
House,65
House,75
Condominium,65
Apartment,49
Apartment,80
Apartment,45
House,62
Apartment,60
Apartment,55
Apartment,65
Apartment,70
House,40
House,80
Apartment,175
Apartment,200
Entire Floor,153
Apartment,59
House,45
Apartment,160
Apartment,125
Apartment,63
Apartment,49
Apartment,72
Apartment,130
House,80
Apartment,31
Apartment,67
House,129
Apartment,56
Apartment,70
House,175
Apartment,300
Apartment,125
Apartment,80
Apartment,100
Apartment,65
Apartment,65
Apartment,72
Apartment,68
House,70
Apartment,125
Condominium,150
Apartment,65
Apartment,89
Apartment,70
House,52
Apartment,38
Apartment,165
Apartment,80
Apartment,135
Townhouse,60
House,35
Bed & Breakfast,44
Apartment,31
Apartment,46
Apartment,95
Apartment,100
House,47
Apartment,99
House,96
Apartment,144
Apartment,126
House,77
Townhouse,165
Apartment,142
Apartment,175
Apartment,195
Apartment,59
Bed & Breakfast,135
Apartment,39
Loft,250
House,88
House,60
House,68
Apartment,56
House,79
House,63
Apartment,55
Bed & Breakfast,100
House,150
House,300
Apartment,168
House,150
House,79
House,70
Apartment,35
House,73
House,65
Apartment,275
House,78
Apartment,52
Apartment,39
Apartment,100
Apartment,60
House,65
Apartment,60
Condominium,100
Apartment,60
Apartment,40
Apartment,175
Condominium,108
House,65
Apartment,144
House,79
Condominium,60
House,65
Apartment,185
House,150
Apartment,80
House,395
Apartment,55
Apartment,164
Apartment,70
Condominium,300
Apartment,85
Apartment,58
Condominium,150
Apartment,76
Apartment,37
Apartment,130
Apartment,180
Apartment,35
Condominium,51
House,225
Apartment,29
Apartment,36
Apartment,199
House,75
Apartment,69
Apartment,31
House,84
Apartment,329
Apartment,169
Apartment,129
Condominium,200
Apartment,125
Apartment,175
Loft,170
Apartment,295
Apartment,250
Apartment,149
Apartment,280
Apartment,349
Apartment,189
Apartment,199
Apartment,169
Apartment,399
Loft,250
Apartment,229
Apartment,125
Apartment,3000
Apartment,169
Apartment,199
Apartment,175
Loft,209
Apartment,299
Apartment,389
Apartment,603
Apartment,500
Apartment,600
Apartment,250
Apartment,169
Apartment,295
Apartment,214
Apartment,169
Apartment,400
Apartment,145
Apartment,379
Apartment,169
Apartment,279
Apartment,279
Apartment,200
Apartment,179
Apartment,279
Apartment,350
Loft,185
Apartment,199
Apartment,285
Apartment,179
Apartment,279
Condominium,390
Condominium,200
Apartment,150
Apartment,150
Apartment,200
Apartment,125
Apartment,361
Apartment,500
Apartment,249
House,115
Apartment,180
Apartment,1250
Apartment,506
Apartment,250
Apartment,285
Apartment,190
Apartment,249
Apartment,603
Apartment,400
Apartment,402
Apartment,249
Apartment,506
Apartment,200
Apartment,175
Apartment,250
Apartment,249
Apartment,250
Apartment,225
Apartment,199
Apartment,245
Apartment,199
Other,220
Apartment,225
Apartment,250
Apartment,240
Apartment,189
Condominium,700
House,75
Apartment,175
Apartment,109
Apartment,119
Apartment,100
Apartment,99
House,65
House,75
Apartment,45
House,128
House,118
Apartment,135
Apartment,125
Apartment,250
Condominium,300
House,95
Condominium,189
House,400
Apartment,125
House,99
Condominium,99
House,130
Apartment,250
Condominium,147
Apartment,225
Apartment,299
House,140
Condominium,170
Condominium,180
Apartment,300
Apartment,119
Apartment,110
Apartment,159
Condominium,100
Apartment,500
House,190
House,99
House,130
Condominium,110
House,125
Condominium,150
Apartment,160
Condominium,250
Apartment,250
House,126
Apartment,134
Apartment,105
Apartment,150
Apartment,200
Apartment,275
House,450
Apartment,150
House,105
House,75
Apartment,60
Apartment,143
Townhouse,130
Apartment,100
Condominium,120
House,199
Apartment,229
Condominium,89
Condominium,250
Apartment,175
Apartment,200
House,225
House,69
Apartment,245
Apartment,85
Apartment,300
Condominium,128
Condominium,175
Condominium,150
House,98
House,232
Apartment,185
Condominium,159
Condominium,139
House,195
Apartment,115
Apartment,149
Apartment,159
Apartment,103
House,69
Apartment,220
Apartment,135
Condominium,90
House,75
Apartment,57
Apartment,90
House,391
Condominium,280
House,350
House,700
Loft,150
Apartment,175
Condominium,99
House,150
Apartment,250
Townhouse,299
Apartment,150
Apartment,200
Apartment,150
Apartment,500
Apartment,150
Apartment,189
Condominium,140
Apartment,320
Condominium,200
Condominium,500
Apartment,145
Apartment,140
Apartment,200
Other,130
Apartment,150
Apartment,150
Townhouse,155
Apartment,120
Other,144
Condominium,159
House,1000
Apartment,165
Apartment,175
House,300
Apartment,100
Other,105
House,199
Other,95
Apartment,100
Apartment,96
Apartment,325
Condominium,330
Other,144
Apartment,250
Other,95
Condominium,118
Apartment,500
Condominium,180
Apartment,290
Apartment,225
Townhouse,99
Condominium,175
Condominium,125
House,350
Apartment,88
Apartment,150
Apartment,99
Other,144
Apartment,100
Townhouse,125
Apartment,225
Apartment,150
Townhouse,119
Apartment,70
Apartment,300
Apartment,200
Apartment,90
Apartment,250
Apartment,169
Apartment,99
Apartment,500
Apartment,330
House,99
Apartment,140
Apartment,80
Apartment,250
Condominium,225
Apartment,250
Apartment,225
House,156
House,175
House,100
House,33
Apartment,103
Apartment,110
Apartment,175
Apartment,60
Apartment,175
Apartment,99
House,120
Apartment,50
Apartment,100
Apartment,260
Apartment,85
Apartment,93
Apartment,40
House,39
Apartment,85
House,75
Apartment,76
House,40
Apartment,50
House,69
Apartment,108
House,119
House,32
Apartment,88
Apartment,60
House,130
Condominium,168
Apartment,60
Apartment,40
Condominium,179
Condominium,350
House,50
Apartment,70
Apartment,77
Apartment,189
Apartment,195
House,72
Apartment,189
Apartment,524
Apartment,78
House,40
Apartment,210
Apartment,95
House,79
Apartment,60
Apartment,145
Apartment,80
Villa,70
House,65
House,74
House,119
Apartment,85
House,45
Apartment,90
Apartment,100
Apartment,40
House,550
House,39
Apartment,60
House,27
House,75
Apartment,60
Apartment,45
House,100
Loft,130
Apartment,79
Apartment,90
House,79
Apartment,75
Apartment,58
House,75
Apartment,110
Condominium,180
House,65
House,67
Apartment,99
Apartment,80
Apartment,135
House,50
Apartment,130
House,130
House,35
Apartment,75
Apartment,60
House,58
Apartment,208
Apartment,75
House,70
Apartment,295
Apartment,150
Apartment,65
Apartment,175
Apartment,175
Apartment,100
Apartment,250
Apartment,187
House,80
Apartment,70
,115
Apartment,185
House,260
Apartment,175
Apartment,140
Apartment,80
Condominium,259
Apartment,120
House,108
Apartment,90
Apartment,125
Apartment,62
Apartment,47
Apartment,99
Apartment,60
Apartment,50
House,45
House,70
House,60
House,59
Apartment,50
Apartment,95
Apartment,59
Apartment,80
Apartment,169
House,120
House,40
Apartment,105
Apartment,79
Apartment,90
Apartment,72
Apartment,32
Apartment,199
House,45
House,65
Condominium,179
Apartment,60
Apartment,80
House,120
Apartment,75
Apartment,100
House,45
Apartment,125
House,50
House,98
Apartment,109
Apartment,85
Apartment,50
Apartment,125
Apartment,110
Apartment,79
Apartment,100
Apartment,58
House,80
Apartment,259
Apartment,62
Apartment,95
House,20
House,70
Apartment,125
Apartment,150
Apartment,150
Apartment,70
Apartment,95
Apartment,239
Apartment,199
House,33
Apartment,40
Apartment,89
Apartment,100
Apartment,80
Apartment,58
Apartment,85
Apartment,45
Apartment,127
Apartment,11
Apartment,209
Apartment,259
Apartment,120
House,45
Apartment,298
House,55
House,58
House,80
Apartment,149
Apartment,159
Apartment,60
House,279
Apartment,83
Apartment,90
Apartment,75
Apartment,138
Apartment,66
Apartment,199
Apartment,400
Apartment,65
Apartment,50
Apartment,89
Apartment,52
House,70
Apartment,139
Apartment,269
Apartment,91
Apartment,70
House,68
Apartment,200
House,130
Apartment,70
House,66
Apartment,50
House,45
Apartment,48
Apartment,125
House,58
Apartment,59
Apartment,139
Apartment,239
Apartment,200
Apartment,72
House,128
Apartment,269
Townhouse,230
Condominium,120
Apartment,70
Apartment,50
Apartment,85
Apartment,150
Apartment,80
Apartment,67
Apartment,45
Apartment,40
Apartment,69
Apartment,55
Apartment,180
Apartment,279
Apartment,50
Apartment,25
House,60
House,75
Apartment,28
House,75
Apartment,129
Apartment,50
Apartment,75
House,85
Bed & Breakfast,155
Apartment,272
Apartment,350
Apartment,329
House,140
Apartment,70
Apartment,295
Condominium,80
House,240
Apartment,88
Entire Floor,80
Apartment,80
Apartment,113
Apartment,180
Apartment,47
Apartment,69
House,125
Apartment,39
Apartment,69
Apartment,60
Apartment,195
Boat,229
Apartment,249
Loft,72
Apartment,179
Apartment,199
Apartment,75
Apartment,146
Apartment,85
Apartment,259
Apartment,69
Apartment,200
House,72
Apartment,89
Apartment,459
Apartment,65
Townhouse,68
Apartment,69
House,124
Apartment,150
House,85
Condominium,100
Apartment,69
Apartment,150
Apartment,198
Apartment,65
Apartment,65
